{"cameraMode":{"drawMode":0,"name":"Shaded","section":"Shading Mode"},"sceneLighting":true,"audioPlay":false,"sceneViewState":{"m_AlwaysRefresh":false,"showFog":true,"showSkybox":true,"showFlares":true,"showImageEffects":true,"showParticleSystems":true,"showVisualEffectGraphs":true,"m_FxEnabled":true},"in2DMode":false,"pivot":{"x":-2.4434468746185304,"y":0.889203667640686,"z":7.510760307312012},"rotation":{"x":-0.20983737707138062,"y":-0.10742073506116867,"z":0.023202916607260705,"w":-0.9715756177902222},"size":1.3078689575195313,"orthographic":false}