{"cameraMode":{"drawMode":0,"name":"Shaded","section":"Shading Mode"},"sceneLighting":true,"audioPlay":false,"sceneViewState":{"m_AlwaysRefresh":false,"showFog":true,"showSkybox":true,"showFlares":true,"showImageEffects":true,"showParticleSystems":true,"showVisualEffectGraphs":true,"m_FxEnabled":true},"in2DMode":false,"pivot":{"x":-4.884264945983887,"y":-0.46044468879699709,"z":1.7222309112548829},"rotation":{"x":-0.23303726315498353,"y":-0.18596020340919496,"z":0.04545295611023903,"w":-0.9534754157066345},"size":9.84780216217041,"orthographic":false}