{"cameraMode":{"drawMode":0,"name":"Shaded","section":"Shading Mode"},"sceneLighting":false,"audioPlay":false,"sceneViewState":{"m_AlwaysRefresh":false,"showFog":true,"showSkybox":false,"showFlares":true,"showImageEffects":true,"showParticleSystems":true,"showVisualEffectGraphs":true,"m_FxEnabled":true},"in2DMode":false,"pivot":{"x":0.03374013304710388,"y":0.6710311770439148,"z":-5.960464477539063e-8},"rotation":{"x":-0.04468933120369911,"y":-0.017099589109420778,"z":0.0007573658367618918,"w":-0.9988855719566345},"size":1.8363761901855469,"orthographic":false}